<?xml version="1.0" encoding="utf-8" standalone="yes" ?>
<emotionconfig butsizex="24" butsizey="24" count="116" widthcnt="12" heightcnt="6">
	<emotion name="<00>" tipmsg="惊讶" file="Emotion/0.gif"></emotion>
	<emotion name="<01>" tipmsg="撇嘴" file="Emotion/1.gif"></emotion>
	<emotion name="<02>" tipmsg="色" file="Emotion/2.gif"></emotion>
	<emotion name="<03>" tipmsg="发呆" file="Emotion/3.gif"></emotion>
	<emotion name="<04>" tipmsg="得意" file="Emotion/4.gif"></emotion>
	<emotion name="<05>" tipmsg="流泪" file="Emotion/5.gif"></emotion>
	<emotion name="<06>" tipmsg="害羞" file="Emotion/6.gif"></emotion>
	<emotion name="<07>" tipmsg="闭嘴" file="Emotion/7.gif"></emotion>
	<emotion name="<08>" tipmsg="睡" file="Emotion/8.gif"></emotion>
	<emotion name="<09>" tipmsg="大哭" file="Emotion/9.gif"></emotion>
	<emotion name="<10>" tipmsg="尴尬" file="Emotion/10.gif"></emotion>
	<emotion name="<11>" tipmsg="发怒" file="Emotion/11.gif"></emotion>
	<emotion name="<12>" tipmsg="调皮" file="Emotion/12.gif"></emotion>
	<emotion name="<13>" tipmsg="呲牙" file="Emotion/13.gif"></emotion>
	<emotion name="<14>" tipmsg="微笑" file="Emotion/14.gif"></emotion>
	<emotion name="<15>" tipmsg="难过" file="Emotion/15.gif"></emotion>
	<emotion name="<16>" tipmsg="酷" file="Emotion/16.gif"></emotion>
	<emotion name="<17>" tipmsg="口罩" file="Emotion/17.gif"></emotion>
	<emotion name="<18>" tipmsg="抓狂" file="Emotion/18.gif"></emotion>
	<emotion name="<19>" tipmsg="吐" file="Emotion/19.gif"></emotion>
	<emotion name="<20>" tipmsg="偷笑" file="Emotion/20.gif"></emotion>     
	<emotion name="<21>" tipmsg="可爱" file="Emotion/21.gif"></emotion>     
	<emotion name="<22>" tipmsg="白眼" file="Emotion/22.gif"></emotion>     
	<emotion name="<23>" tipmsg="傲慢" file="Emotion/23.gif"></emotion>     
	<emotion name="<24>" tipmsg="饥饿" file="Emotion/24.gif"></emotion>     
	<emotion name="<25>" tipmsg="困" file="Emotion/25.gif"></emotion>     
	<emotion name="<26>" tipmsg="惊恐" file="Emotion/26.gif"></emotion>     
	<emotion name="<27>" tipmsg="流汗" file="Emotion/27.gif"></emotion>     
	<emotion name="<28>" tipmsg="憨笑" file="Emotion/28.gif"></emotion>     
	<emotion name="<29>" tipmsg="大兵" file="Emotion/29.gif"></emotion> 
	<emotion name="<30>" tipmsg="奋斗" file="Emotion/30.gif"></emotion>        
	<emotion name="<31>" tipmsg="咒骂" file="Emotion/31.gif"></emotion>        
	<emotion name="<32>" tipmsg="疑问" file="Emotion/32.gif"></emotion>        
	<emotion name="<33>" tipmsg="嘘.." file="Emotion/33.gif"></emotion>        
	<emotion name="<34>" tipmsg="晕" file="Emotion/34.gif"></emotion>        
	<emotion name="<35>" tipmsg="折磨" file="Emotion/35.gif"></emotion>        
	<emotion name="<36>" tipmsg="衰" file="Emotion/36.gif"></emotion>        
	<emotion name="<37>" tipmsg="骷髅" file="Emotion/37.gif"></emotion>        
	<emotion name="<38>" tipmsg="敲打" file="Emotion/38.gif"></emotion>        
	<emotion name="<39>" tipmsg="再见" file="Emotion/39.gif"></emotion>    
	<emotion name="<46>" tipmsg="猪头" file="Emotion/46.gif"></emotion> 
	<emotion name="<47>" tipmsg="猫咪" file="Emotion/47.gif"></emotion> 
	<emotion name="<48>" tipmsg="狗狗" file="Emotion/48.gif"></emotion> 
	<emotion name="<49>" tipmsg="拥抱" file="Emotion/49.gif"></emotion> 	
	<emotion name="<50>" tipmsg="金钱" file="Emotion/50.gif"></emotion>
	<emotion name="<51>" tipmsg="灯泡" file="Emotion/51.gif"></emotion>
	<emotion name="<52>" tipmsg="香槟" file="Emotion/52.gif"></emotion>
	<emotion name="<53>" tipmsg="蛋糕" file="Emotion/53.gif"></emotion>
	<emotion name="<54>" tipmsg="闪电" file="Emotion/54.gif"></emotion>
	<emotion name="<55>" tipmsg="炸弹" file="Emotion/55.gif"></emotion>
	<emotion name="<56>" tipmsg="刀" file="Emotion/56.gif"></emotion>
	<emotion name="<57>" tipmsg="足球" file="Emotion/57.gif"></emotion>
	<emotion name="<58>" tipmsg="音乐" file="Emotion/58.gif"></emotion>
	<emotion name="<59>" tipmsg="便便" file="Emotion/59.gif"></emotion>	
	<emotion name="<60>" tipmsg="咖啡" file="Emotion/60.gif"></emotion>
	<emotion name="<61>" tipmsg="饭" file="Emotion/61.gif"></emotion>
	<emotion name="<62>" tipmsg="药" file="Emotion/62.gif"></emotion>
	<emotion name="<63>" tipmsg="玫瑰" file="Emotion/63.gif"></emotion>
	<emotion name="<64>" tipmsg="凋谢" file="Emotion/64.gif"></emotion>
	<emotion name="<65>" tipmsg="示爱" file="Emotion/65.gif"></emotion>
	<emotion name="<66>" tipmsg="爱心" file="Emotion/66.gif"></emotion>
	<emotion name="<67>" tipmsg="心碎" file="Emotion/67.gif"></emotion>
	<emotion name="<68>" tipmsg="桌子" file="Emotion/68.gif"></emotion>
	<emotion name="<69>" tipmsg="礼物" file="Emotion/69.gif"></emotion>
	<emotion name="<70>" tipmsg="电话" file="Emotion/70.gif"></emotion> 
	<emotion name="<71>" tipmsg="时钟" file="Emotion/71.gif"></emotion> 
	<emotion name="<72>" tipmsg="邮件" file="Emotion/72.gif"></emotion> 
	<emotion name="<73>" tipmsg="电视" file="Emotion/73.gif"></emotion> 
	<emotion name="<74>" tipmsg="太阳" file="Emotion/74.gif"></emotion> 
	<emotion name="<75>" tipmsg="月亮" file="Emotion/75.gif"></emotion> 
	<emotion name="<76>" tipmsg="强" file="Emotion/76.gif"></emotion> 
	<emotion name="<77>" tipmsg="弱" file="Emotion/77.gif"></emotion> 
	<emotion name="<78>" tipmsg="握手" file="Emotion/78.gif"></emotion> 
	<emotion name="<79>" tipmsg="胜利" file="Emotion/79.gif"></emotion> 
	<emotion name="<80>" tipmsg="宠物" file="Emotion/80.gif"></emotion> 
	<emotion name="<81>" tipmsg="美女" file="Emotion/81.gif"></emotion> 
	<emotion name="<82>" tipmsg="老人" file="Emotion/82.gif"></emotion> 
	<emotion name="<83>" tipmsg="帅哥" file="Emotion/83.gif"></emotion>
	<emotion name="<87>" tipmsg="红酒" file="Emotion/87.gif"></emotion> 
	<emotion name="<88>" tipmsg="可乐" file="Emotion/88.gif"></emotion> 
	<emotion name="<89>" tipmsg="西瓜" file="Emotion/89.gif"></emotion> 
	<emotion name="<90>" tipmsg="下雨" file="Emotion/90.gif"></emotion>
	<emotion name="<91>" tipmsg="晴天" file="Emotion/91.gif"></emotion>
	<emotion name="<92>" tipmsg="雪人" file="Emotion/92.gif"></emotion>
	<emotion name="<93>" tipmsg="星星" file="Emotion/93.gif"></emotion>
	<emotion name="<94>" tipmsg="女人" file="Emotion/94.gif"></emotion>
	<emotion name="<95>" tipmsg="男人" file="Emotion/95.gif"></emotion>
	<emotion name="<96>" tipmsg="冷汗" file="Emotion/96.gif"></emotion>
	<emotion name="<97>" tipmsg="擦汗" file="Emotion/97.gif"></emotion>
	<emotion name="<98>" tipmsg="抠鼻" file="Emotion/98.gif"></emotion>
	<emotion name="<99>" tipmsg="鼓掌" file="Emotion/99.gif"></emotion>
	<emotion name="<100>" tipmsg="糗大了" file="Emotion/100.gif"></emotion>
	<emotion name="<101>" tipmsg="坏笑" file="Emotion/101.gif"></emotion>
	<emotion name="<102>" tipmsg="左哼哼" file="Emotion/102.gif"></emotion>
	<emotion name="<103>" tipmsg="右哼哼" file="Emotion/103.gif"></emotion>
	<emotion name="<104>" tipmsg="哈欠" file="Emotion/104.gif"></emotion>
	<emotion name="<105>" tipmsg="鄙视" file="Emotion/105.gif"></emotion>
	<emotion name="<106>" tipmsg="委屈" file="Emotion/106.gif"></emotion>
	<emotion name="<107>" tipmsg="快哭了" file="Emotion/107.gif"></emotion>
	<emotion name="<108>" tipmsg="阴险" file="Emotion/108.gif"></emotion>
	<emotion name="<109>" tipmsg="亲亲" file="Emotion/109.gif"></emotion>
	<emotion name="<110>" tipmsg="吓" file="Emotion/110.gif"></emotion>
	<emotion name="<111>" tipmsg="可怜" file="Emotion/111.gif"></emotion>
	<emotion name="<112>" tipmsg="菜刀" file="Emotion/112.gif"></emotion>
	<emotion name="<113>" tipmsg="啤酒" file="Emotion/113.gif"></emotion>
	<emotion name="<114>" tipmsg="篮球" file="Emotion/114.gif"></emotion>
	<emotion name="<115>" tipmsg="乒乓" file="Emotion/115.gif"></emotion>
	<emotion name="<116>" tipmsg="示爱" file="Emotion/116.gif"></emotion>
	<emotion name="<117>" tipmsg="瓢虫" file="Emotion/117.gif"></emotion>
	<emotion name="<118>" tipmsg="抱拳" file="Emotion/118.gif"></emotion>
	<emotion name="<119>" tipmsg="勾引" file="Emotion/119.gif"></emotion>
	<emotion name="<120>" tipmsg="拳头" file="Emotion/120.gif"></emotion>     
	<emotion name="<121>" tipmsg="差劲" file="Emotion/121.gif"></emotion>     
	<emotion name="<122>" tipmsg="爱你" file="Emotion/122.gif"></emotion>     
	<emotion name="<123>" tipmsg="NO" file="Emotion/123.gif"></emotion>     
	<emotion name="<124>" tipmsg="OK" file="Emotion/124.gif"></emotion>   
</emotionconfig>